review_order,record_id,source,respondent_id,question_field,raw_text,candidate_evidence_type,candidate_wishlist_link,candidate_primary_intent,candidate_journey_stage,candidate_barrier_theme,human_review_status,review_reason
1,survey_r001_last_wishlisted_product_outcome,survey,survey_r001,last_wishlisted_product_outcome,I am still considering purchasing it,direct_wishlist_behavior,explicit_direct,considering_or_waiting,post_wishlist_outcome,other/unclear,pending,Direct wishlist outcome; verify purchase vs alternative vs delayed/abandoned outcome.
2,survey_r002_last_wishlisted_product_outcome,survey,survey_r002,last_wishlisted_product_outcome,I bought a similar product elsewhere,direct_wishlist_behavior,explicit_direct,unknown,post_wishlist_outcome,comparison/alternative,pending,Direct wishlist outcome; verify purchase vs alternative vs delayed/abandoned outcome.
3,survey_r003_last_wishlisted_product_outcome,survey,survey_r003,last_wishlisted_product_outcome,I purchased it,direct_wishlist_behavior,explicit_direct,unknown,post_wishlist_outcome,other/unclear,pending,Direct wishlist outcome; verify purchase vs alternative vs delayed/abandoned outcome.
4,survey_r006_last_wishlisted_product_outcome,survey,survey_r006,last_wishlisted_product_outcome,I don't remember,direct_wishlist_behavior,explicit_direct,unknown,post_wishlist_outcome,deprioritization/memory,pending,Direct wishlist outcome; verify purchase vs alternative vs delayed/abandoned outcome.
5,survey_r009_last_wishlisted_product_outcome,survey,survey_r009,last_wishlisted_product_outcome,I don't remember,direct_wishlist_behavior,explicit_direct,unknown,post_wishlist_outcome,deprioritization/memory,pending,Direct wishlist outcome; verify purchase vs alternative vs delayed/abandoned outcome.
6,survey_r012_last_wishlisted_product_outcome,survey,survey_r012,last_wishlisted_product_outcome,I decided not to buy it,direct_wishlist_behavior,explicit_direct,unknown,post_wishlist_outcome,other/unclear,pending,Direct wishlist outcome; verify purchase vs alternative vs delayed/abandoned outcome.
7,survey_r016_last_wishlisted_product_outcome,survey,survey_r016,last_wishlisted_product_outcome,It became unavailable/out of stock,direct_wishlist_behavior,explicit_direct,unknown,post_wishlist_outcome,availability/stock,pending,Direct wishlist outcome; verify purchase vs alternative vs delayed/abandoned outcome.
8,survey_r017_last_wishlisted_product_outcome,survey,survey_r017,last_wishlisted_product_outcome,I am still considering purchasing it,direct_wishlist_behavior,explicit_direct,considering_or_waiting,post_wishlist_outcome,other/unclear,pending,Direct wishlist outcome; verify purchase vs alternative vs delayed/abandoned outcome.
9,survey_r002_one_thing_to_help_purchase_wishlist,survey,survey_r002,one_thing_to_help_purchase_wishlist,"Feature that would give me more confidence on fabric, size - reviews, ratings",pre_purchase_hesitation,explicit_pre_purchase,unknown,pre_purchase,fit/size confidence,pending,Explicit wishlist-help response; test barrier/trigger inference without overreach.
10,survey_r003_one_thing_to_help_purchase_wishlist,survey,survey_r003,one_thing_to_help_purchase_wishlist,Make it easier to compare against multiple options,pre_purchase_hesitation,explicit_pre_purchase,unknown,pre_purchase,comparison/alternative,pending,Explicit wishlist-help response; test barrier/trigger inference without overreach.
11,survey_r004_one_thing_to_help_purchase_wishlist,survey,survey_r004,one_thing_to_help_purchase_wishlist,"When I add products to wishlist, I only wait for 1-2 months Max for discount, if it still doesn't come then I just discard it or forget about it, so if I add something than the site may contact me in 1-2 months if the price drops, but won't like frequent calls or notifications that would just make me irritated and even if I was going to buy it, i won't. I.e Only notify when the price drops or comes back in stock",pre_purchase_hesitation,explicit_pre_purchase,unknown,pre_purchase,value/price assessment,pending,Explicit wishlist-help response; test barrier/trigger inference without overreach.
12,survey_r005_one_thing_to_help_purchase_wishlist,survey,survey_r005,one_thing_to_help_purchase_wishlist,"Track my wishlist and tell me the best time to buy based on price drops, upcoming sales, stock levels, and size availability.",pre_purchase_hesitation,explicit_pre_purchase,unknown,pre_purchase,value/price assessment,pending,Explicit wishlist-help response; test barrier/trigger inference without overreach.
13,survey_r007_one_thing_to_help_purchase_wishlist,survey,survey_r007,one_thing_to_help_purchase_wishlist,Shows the price history,pre_purchase_hesitation,explicit_pre_purchase,unknown,pre_purchase,value/price assessment,pending,Explicit wishlist-help response; test barrier/trigger inference without overreach.
14,survey_r008_one_thing_to_help_purchase_wishlist,survey,survey_r008,one_thing_to_help_purchase_wishlist,Get the sooner notification before the reveal of discount amount,pre_purchase_hesitation,explicit_pre_purchase,unknown,pre_purchase,value/price assessment,pending,Explicit wishlist-help response; test barrier/trigger inference without overreach.
15,survey_r010_one_thing_to_help_purchase_wishlist,survey,survey_r010,one_thing_to_help_purchase_wishlist,Better Price and Transparency through original product images,pre_purchase_hesitation,explicit_pre_purchase,unknown,pre_purchase,value/price assessment,pending,Explicit wishlist-help response; test barrier/trigger inference without overreach.
16,survey_r011_one_thing_to_help_purchase_wishlist,survey,survey_r011,one_thing_to_help_purchase_wishlist,Give me a notification when price drops.,pre_purchase_hesitation,explicit_pre_purchase,unknown,pre_purchase,value/price assessment,pending,Explicit wishlist-help response; test barrier/trigger inference without overreach.
17,survey_r002_purchase_barriers,survey,survey_r002,purchase_barriers,Price too high; Waiting for discount; Unsure about size or fit; Quality concerns,pre_purchase_hesitation,explicit_pre_purchase,considering_or_waiting,pre_purchase,value/price assessment,pending,Explicit pre-purchase barrier list; verify theme mapping and multi-select handling.
18,survey_r003_purchase_barriers,survey,survey_r003,purchase_barriers,Unsure about size or fit; Quality concerns; Comparing alternatives; Found a better product elsewhere; Out of stock,pre_purchase_hesitation,explicit_pre_purchase,unknown,pre_purchase,fit/size confidence,pending,Explicit pre-purchase barrier list; verify theme mapping and multi-select handling.
19,survey_r001_purchase_barriers,survey,survey_r001,purchase_barriers,Price too high; Waiting for discount; Comparing alternatives; Found a better product elsewhere,pre_purchase_hesitation,explicit_pre_purchase,unknown,pre_purchase,value/price assessment,pending,Explicit pre-purchase barrier list; verify theme mapping and multi-select handling.
20,survey_r005_purchase_triggers,survey,survey_r005,purchase_triggers,Price drop; Bigger discount; My preferred size becomes available,pre_purchase_hesitation,explicit_pre_purchase,unknown,pre_purchase,value/price assessment,pending,Explicit purchase-trigger list; verify trigger interpretation.
21,play_store_c8606fb10399952b,Play Store,,,The wishlist doesn't load after showing 30 products. I cannot view my list.,direct_wishlist_behavior,explicit_direct,unknown,wishlist_behavior_or_revisit,wishlist/UX discoverability,pending,Direct app-review wishlist evidence; test cross-source classification.
22,play_store_536d34855a86c011,Play Store,,,"Hi, I love shopping here I am having serious problem with the wishlist option .,.even if I put like things in the wishlist like 10 items ....later when I see only the first 5 shows and not all ....this has been a problem since a long time !",direct_wishlist_behavior,explicit_direct,unknown,wishlist_behavior_or_revisit,wishlist/UX discoverability,pending,Direct app-review wishlist evidence; test cross-source classification.
23,survey_r001_age_range,survey,survey_r001,age_range,26–30,irrelevant_or_unclear,not_mentioned,unknown,context,other/unclear,reviewed,Control: demographic context; should not be treated as wishlist evidence.
24,survey_r001_current_city,survey,survey_r001,current_city,Bangalore,irrelevant_or_unclear,not_mentioned,unknown,context,other/unclear,pending,Control: demographic/geographic context; test false-positive handling.
25,play_store_642e0beb41bfa275,Play Store,,,"Terrible after-sales experience. Products might be good if you’re lucky, but if any issue, you’ll waste a lot of precious time. Customer service is slow and unhelpful, with only standard replies and no real action. Returns depend on Delhivery, which is equally bad. No refund until pickup, which takes forever. Had a similar case with Myntra, got an instant refund that pushed Delhivery to pick up the next day! Clearly, the way returns are handled depends heavily on the company managing them.",post_purchase_complaint,not_mentioned,unknown,post_purchase,other/unclear,pending,Control: post-purchase complaint with no explicit wishlist linkage.
